yomi,kanji,hinshi
あくてぃべーと,Activ8,人名
あると,Alt!!,人名
あのん,ANON,人名
あるこ,ARu子,人名
あばたー２,AVATAR 2.0,人名
あずき,AZKi,人名
ぼくすばー,BOXBAR,人名
くらすたー,cluster,人名
さいばーぶい,CyberV,人名
だんて,Dante's Peak,人名
だんてずぴーく,Dante's Peak,人名
あさせ,DeepWebUnderground,人名
どぅ,DeepWebUnderground,人名
りお,DJ RIO,人名
えま,Emma Hazy Minami,人名
みなみ,Emma Hazy Minami,人名
えな,ENA,人名
ふぇありす,fairys,人名
ふぃくてぃ,Ficty,人名
はにすと,Honeystrap,人名
いこつ,Icotsu,人名
いりあむ,IRIAM,人名
きりん,Kilin,人名
きつねこん,KITSUNEKON,人名
ｋｍんｚ,KMNZ,人名
けものず,KMNZ,人名
らいむ,Lime,人名
りめ,Lime,人名
りた,LITA,人名
りず,LIZ,人名
まーぷる,Marple,人名
まてりある,MateReal,人名
もぐらいぶ,MoguLive,人名
もぐら,Mogura,人名
ｍｚｍ,MonsterZ MATE,人名
もんすたーずめいと,MonsterZ MATE,人名
のえる,Noelle,人名
のて,Note:,人名
のーと,Note:,人名
りあくと,Re:AcT,人名
さくらめい,SakuraMay,人名
そむにあ,somunia,人名
ヴぃーなすあんじぇりっく,Venus Angelic,人名
ｖｃ,Virtual Cast,人名
ばーちゃるきゃすと,Virtual Cast,人名
にーつ,VT-212,人名
うぃーく,we◡ek,人名
ほわいとほーる,WHITEHOLE,人名
ゆに,YuNi,人名
いｆ,アイディアファクトリー,人名
となり,アオハルトナリ,人名
あき,アキ・ローゼンタール,人名
あきろぜ,アキ・ローゼンタール,人名
あきろーぜんたーる,アキ・ローゼンタール,人名
あずまりむ,アズマリム,人名
あずりむ,アズマリム,人名
あっくん,あっくん大魔王,人名
あっくんだいまおう,あっくん大魔王,人名
そよぎ,あまねそよぎ,人名
あめざり,アメリカザリガニ,人名
あもすこーうぇん,アモス・コーウェン,人名
あもん,アモン・フロックハート,人名
ありあーて,アリアーテ学園,人名
ありす,アリスクリューム,人名
ありすくりゅーむ,アリスクリューム,人名
あいこ,アリスクリューム バニラ・アイコ,人名
あるすあるまる,アルス・アルマル,人名
あるまる,アルス・アルマル,人名
あるぶら,あるふぁブラザーズ,人名
あるれいやるふぉん,アルレイヤ・ルフォン,人名
るふぉん,アルレイヤ・ルフォン,人名
あんじゅ,アンジュ・カトリーナ,人名
あんじゅかとりーな,アンジュ・カトリーナ,人名
あんじゅ,アンジュお姉さん,人名
ｍｚｍ,アンジョー　コーサカ,人名
いそまな,いそら真実,人名
いそらまなみ,いそら真実,人名
いらるーじゅみらびっち,イラルージュ・ミラビッチ,人名
みらびっち,イラルージュ・ミラビッチ,人名
いんさいどちゃん,インサイドちゃんMark1,人名
いんさいどちゃん,インサイドちゃんMark2,人名
つーちゃん,インサイドちゃんMark2,人名
あんじぇりっく,ヴィーナス・アンジェリック,人名
うぃっちだりすいーと,ウィッチ・ダリ・スイート,人名
だり,ウィッチ・ダリ・スイート,人名
あいり,ウェザーロイドAiri,人名
うぇざーろいどあいり,ウェザーロイドAiri,人名
うさこ,うさ野うさ子,人名
うさのうさこ,うさ野うさ子,人名
えーじぇんとささき,エージェント佐々木,人名
ささき,エージェント佐々木,人名
えくす,エクス・アルビオ,人名
えくすあるびお,エクス・アルビオ,人名
えびお,エクス・アルビオ,人名
はぴばと,エピト ハチピ,人名
えま,えま★おうがすと,人名
えまおうがすと,えま★おうがすと,人名
えりーこにふぁー,エリー・コニファー,人名
こにふぁー,エリー・コニファー,人名
えるせ,エルセとさめのぽき,人名
える,エルフのえる,人名
かずみ,エンジンかずみ,人名
おさなずな,おさナズナ,人名
おめしす,おめがシスターズ,人名
りお,おめがリオ,人名
れい,おめがレイ,人名
おめしす,おめがレイ おめがリオ,人名
んぬぐむ,ォ逅,人名
ろき,カオスロキ,人名
なな,かぐらなな,人名
まり,かしこまり,人名
かふぇのぞんびこ,カフェ野ゾンビ子,人名
ぞんびこ,カフェ野ゾンビ子,人名
かるろぴの,カルロ・ピノ,人名
ぴの,カルロ・ピノ,人名
がんばるうこ,がんばるぅ子,人名
るうこ,がんばるぅ子,人名
あい,キズナアイ,人名
きみのみや,キミノミヤ,人名
みや,キミノミヤ,人名
ぎるざれん,ギルザレンIII世,人名
ぐうぇるおすがーる,グウェル・オス・ガール,人名
くま,クマ野クマエル3世,人名
くまのくまえるさんせい,クマ野クマエル3世,人名
くらすたー,くらすたーちゃん,人名
けいと,ケイト・アーモリア,人名
けいとあーもりあ,ケイト・アーモリア,人名
まさひろ,ゴウキマヒロ,人名
ごるし,ゴールドシップ,人名
ごーるどしっぷ,ゴールドシップ,人名
あいな,コモリアイナ,人名
ごるんのヴぁそうとう,ゴルンノヴァ総統,人名
そうとう,ゴルンノヴァ総統,人名
さいばもえ,さいば萌,人名
もえ,さいば萌,人名
やひろ,さえきやひろ,人名
しぇりん,シェリン・バーガンディ,人名
くれあ,シスター・クレア,人名
しすたーくれあ,シスター・クレア,人名
まりす,ジャバウォッキー・マリス,人名
しゃるろっと,シャルロット・卯・イナヴァリエール,人名
じょーりきいち,ジョー・力一,人名
りきいち,ジョー・力一,人名
しろねこていねこすけ,しろねこ亭ねこすけ,人名
ねこすけ,しろねこ亭ねこすけ,人名
そにこ,すーぱーそに子,人名
すずしろまな,すずしろ真菜,人名
まな,すずしろ真菜,人名
える１,スノー・ホワイト・パラダイス・エルサント・フロウ・ワスレナ・ピュア・プリンセス・リーブル・ラブ・ハイデルン・ドコドコ・,人名
みち,せいかみち,人名
くるみ,ぜったい天使くるみちゃん,人名
ぜったいてんしくるみちゃん,ぜったい天使くるみちゃん,人名
すう,セフィラ・スゥ,人名
せふぃらすう,セフィラ・スゥ,人名
そふぃあこーど,ソフィアコード,人名
だーだだじぇっとぶらんこ,ダーダダ・ジェット・ブランコ,人名
ぶらんこ,ダーダダ・ジェット・ブランコ,人名
さき,たかさき咲,人名
たかさきさき,たかさき咲,人名
あとり,タシギアトリ,人名
たしぎあとり,タシギアトリ,人名
ちゅうべえ,チュゥ兵衛,人名
はな,ツキトハナ,人名
あかぎ,つのはねあかぎ,人名
あさせ,ディープウェブ・アンダーグラウンド,人名
どぅ,ディープウェブ・アンダーグラウンド,人名
でびでびでびる,でびでび・でびる,人名
でびる,でびでび・でびる,人名
にめれーとごう,テルミン操縦士 ニメレート号,人名
あかほし,ドーセット・アカホシ,人名
どーせっとあかほし,ドーセット・アカホシ,人名
なう,なう。,人名
ななみろな,ﾅﾅﾐﾛﾏ,人名
そしえーる,ニュイ・ソシエール,人名
にゅいそしえーる,ニュイ・ソシエール,人名
のら,のらきゃっと,人名
うびば,ばあちゃる,人名
うま,ばあちゃる,人名
さちこ,バーチャルグランドマザー小林幸子,人名
ごりら,バーチャルゴリラ,人名
ねこます,バーチャルのじゃロリ狐娘Youtuberおじさん,人名
のじゃろり,バーチャルのじゃロリ狐娘Youtuberおじさん,人名
てんかいつかさ,バーチャル債務者youtuber天開司,人名
せしりあ,バーチャル執事Cecilia,人名
おだのぶ,バーチャル戦国武将おだのぶ,人名
くらうん,パウレ・クラウン,人名
ぱうれくらうん,パウレ・クラウン,人名
かんな,はかりかんな,人名
ぱげみ,パゲ美,人名
あいこ,バニラ・アイコ博士,人名
ばにらあいこはかせ,バニラ・アイコ博士,人名
りしあ,バブみ看板娘リシア,人名
ぱらぺら,パラぺら,人名
とめこ,はれんちとめこ,人名
きてぃ,ハローキティ,人名
はろーきてぃ,ハローキティ,人名
いきりまめ,ピーナッツくん,人名
みう,ヒヅキミウ,人名
うい,ひなの羽衣,人名
ひなのうい,ひなの羽衣,人名
ひま,ひま食堂,人名
ひましょくどう,ひま食堂,人名
ｐｐｈ,ピンキーポップヘップバーン,人名
ぴんきーぽっぷへっぷばーん,ピンキーポップヘップバーン,人名
へっぷばーん,ピンキーポップヘップバーン,人名
ぶいおん,ぶいおん!!,人名
ふぇありいみどりかわ,フェアリィ緑川,人名
みどりかわ,フェアリィ緑川,人名
ふくやますたー,ふくやマスター,人名
ますたー,ふくやマスター,人名
けつみ,ぷり田ケツ美,人名
ぷりたけつみ,ぷり田ケツ美,人名
ふれん,フレン・E・ルスタリオ,人名
ばんぎらす,ベルモンド・バンデラス,人名
ばんでらす,ベルモンド・バンデラス,人名
べるもんどばんでらす,ベルモンド・バンデラス,人名
へる,ヘル様,人名
へるさま,ヘル様,人名
らいさ,ほしぐもらいさ,人名
ぼろまる,ぼっちぼろまる,人名
まかいるしふぁー,マカイ・ルシファー,人名
るしふぁー,マカイ・ルシファー,人名
よみ,マガジヨミ,人名
ゆゆ,マシロユユ,人名
もあ,まどろみもあ,人名
まや,マヤ・プトゥリ,人名
まやぷとぅり,マヤ・プトゥリ,人名
まりー,マリー・アンドロイド,人名
まりーあんどろいど,マリー・アンドロイド,人名
まりーちゃん,マリー・アンドロイド,人名
がるるら,ミィ・ガルルラ,人名
みいがるるら,ミィ・ガルルラ,人名
みか,ミカ・エルハインド,人名
みそした,ミソシタ,人名
なお,ミハリナオ,人名
みらな,ミラナ・ラヴィーナ,人名
みらならヴぃーな,ミラナ・ラヴィーナ,人名
ゆきさん,メイドのユキさん,人名
ばぶみ,めっちゃばぶ美,人名
めっちゃばぶみ,めっちゃばぶ美,人名
めりっさ,メリッサ・キンレンカ,人名
めめめ,もこ田めめめ,人名
もこためめめ,もこ田めめめ,人名
える２,ヤッタゼ・ヴァルキュリア・パッション・アールヴ・ノエル・チャコボシ・エルアリア・フロージア・メイドイン・ブルーム・エル,人名
やまといおり,ヤマト イオリ,人名
いおり,ヤマト・イオリ,人名
やまといおり,ヤマト・イオリ,人名
けりん,ヤミクモケリン,人名
ゆにこ,ゆにゆにこ,人名
あくあまりん,ユミィアクアマリン,人名
ゆみいあくあまりん,ユミィアクアマリン,人名
ここな,ゆめ心中,人名
ゆめここな,ゆめ心中,人名
まんぐろーぶ,ヨッツマングローブ,人名
よっつまんぐろーぶ,ヨッツマングローブ,人名
らいらえでぃた,ライラ・エディタ,人名
ぷてぃ,ラトナ・プティ,人名
ぷてち,ラトナ・プティ,人名
らとなぷてぃ,ラトナ・プティ,人名
ぴすとりあ,ラミリア・ピストリア,人名
らみりあぴすとりあ,ラミリア・ピストリア,人名
りおねる,リオネル・エレオノール・ド・シィアニア,人名
きらら,リシア・キララ,人名
りしあきらら,リシア・キララ,人名
りぜ,リゼ・ヘルエスタ,人名
りぜへるえすた,リゼ・ヘルエスタ,人名
きゃみー,ルイス・キャミー,人名
るいすきゃみー,ルイス・キャミー,人名
るいすおうじ,ルイス王子,人名
るりか,ルリカ・レインウォーター,人名
るちか,ルル・ルチカ,人名
るるるちか,ルル・ルチカ,人名
えりふぁ,レヴィ・エリファ,人名
れヴぃえりふぁ,レヴィ・エリファ,人名
ろか,ロカ・ディ・ミーズ・テレズ・アマート・ヴィスコンティ,人名
ぐらにえ,ロゼール・グラニエ,人名
ろぜーるぐらにえ,ロゼール・グラニエ,人名
わたあめこ,わたあめ子,人名
いせかいじょうちょ,ヰ世界情緒,人名
おたきち,ヲタきち,人名
んうぐむ,ンヌグム,人名
あとももか,阿藤ももか,人名
ももか,阿藤ももか,人名
あいぞのまなみ,愛園愛美,人名
まなみ,愛園愛美,人名
えのみやみるく,愛宮みるく,人名
みるく,愛宮みるく,人名
あおいりほ,愛結りほ,人名
りほ,愛結りほ,人名
あいすのゆり,愛守ノユリ,人名
のゆり,愛守ノユリ,人名
あいせゆりあ,愛瀬ユリア,人名
ゆりあ,愛瀬ユリア,人名
せな,愛尾セナ,人名
まなおせな,愛尾セナ,人名
まなおみすず,愛尾みすず,人名
おうむ,逢夢,人名
あおいはーぜぎゅんしゅながせ,葵=ハーゼ=ギュンシュ=長瀬,人名
ながせ,葵=ハーゼ=ギュンシュ=長瀬,人名
よしの,葵よしの,人名
あおいさくや,葵桜玖耶,人名
さくや,葵桜玖耶,人名
あかね,茜彩咲,人名
いろさきあかね,茜彩咲,人名
あしえだれんり,芦枝レンリ,人名
れんり,芦枝レンリ,人名
あめみやむに,飴宮むに,人名
むに,飴宮むに,人名
あやせまりー,綾瀬マリー,人名
あるふぁゆうひ,或葉ユウヒ,人名
ゆうひ,或葉ユウヒ,人名
あづちもも,安土桃,人名
もも,安土桃,人名
やみとりりんね,闇鳥リンネ,人名
りんね,闇鳥リンネ,人名
もるる,闇夜乃モルル,人名
やみのよもるる,闇夜乃モルル,人名
あんどゆげ,杏戸ゆげ,人名
ゆげ,杏戸ゆげ,人名
あんにんしずく,杏仁しずく,人名
しずく,杏仁しずく,人名
いつきまりあ,伊月マリア,人名
まりあ,伊月マリア,人名
いちのせうるは,一ノ瀬うるは,人名
うるは,一ノ瀬うるは,人名
ととと,一葦ととと,人名
ひとあしととと,一葦ととと,人名
あや,一文字マヤ,人名
いちもんじあや,一文字マヤ,人名
いなりくろむ,稲荷くろむ,人名
くろむ,稲荷くろむ,人名
いなばはねる,因幡はねる,人名
はねる,因幡はねる,人名
うるふくれあ,宇月伏くれあ,人名
くれあ,宇月伏くれあ,人名
うさみゆの,宇佐美ユノ,人名
ゆの,宇佐美ユノ,人名
いちご,宇志海いちご,人名
うしみいちご,宇志海いちご,人名
うもりひなこ,宇森ひなこ,人名
ひなこ,宇森ひなこ,人名
あんちん,宇宙怪獣アンチン,人名
からすうりくろね,烏瓜くろね,人名
くろね,烏瓜くろね,人名
しのび,烏瓜くろね,人名
のあ,羽宮のあ,人名
はねみやのあ,羽宮のあ,人名
ちゆ,羽月奏ちゆ,人名
はつかちゆ,羽月奏ちゆ,人名
はづきゆうか,羽月悠架,人名
ゆうか,羽月悠架,人名
はばらゆとり,羽原ゆとり,人名
ゆとり,羽原ゆとり,人名
ぱぶろぴかそ,羽吹呂ピカソ,人名
ぴかそ,羽吹呂ピカソ,人名
うちすずめ,羽地すずめ,人名
すずめ,羽地すずめ,人名
ぱろま,羽呂真,人名
あまがさきえこ,雨ヶ崎笑虹,人名
えこ,雨ヶ崎笑虹,人名
あまみやめい,雨宮メイ,人名
めい,雨宮メイ,人名
あめもりさよ,雨森小夜,人名
さよ,雨森小夜,人名
あめまちわたげ,雨町わたげ,人名
わたげ,雨町わたげ,人名
うづきこう,卯月コウ,人名
こう,卯月コウ,人名
うしおてぃあ,丑牡てぃあ,人名
てぃあ,丑牡てぃあ,人名
くもいすずろ,雲居すずろ,人名
すずろ,雲居すずろ,人名
こうと,永維コウト,人名
ながいこうと,永維コウト,人名
かみやゆう,榎宮祐,人名
ゆう,榎宮祐,人名
せきしろみこ,堰代ミコ,人名
みこ,堰代ミコ,人名
ぱいろ,焔機パイロ,人名
さるがくちょうふたば,猿楽町双葉,人名
ふたば,猿楽町双葉,人名
れす,猿林レス,人名
とおさかゆら,遠坂ユラ,人名
ゆら,遠坂ユラ,人名
あちきたちなみ,遠北千南,人名
ちなみ,遠北千南,人名
みなみ,遠北千南,人名
とおのりおな,遠野莉緒奈,人名
りおな,遠野莉緒奈,人名
しおてんしりえる,塩天使 リエル,人名
りえる,塩天使リエル,人名
おくざしきさち,奥座敷さち,人名
さち,奥座敷さち,人名
きのほしつくり,黄ノ星つくり,人名
つくり,黄ノ星つくり,人名
おと,乙女おと,人名
おとめおと,乙女おと,人名
ねね,音々継ねね,人名
ねねつぐねね,音々継ねね,人名
おとはねらら,音羽ララ,人名
らら,音羽ララ,人名
おとわしずく,音羽雫,人名
しずく,音羽雫,人名
おとねりちる,音海リチル,人名
りちる,音海リチル,人名
かなみ,音琴かなみ,人名
ねことかなみ,音琴かなみ,人名
おとまたるか,音俣るか,人名
るか,音俣るか,人名
おとなしりずむ,音無りずむ,人名
りずむ,音無りずむ,人名
おとのはなほ,音葉なほ,人名
なほ,音葉なほ,人名
おとだまたまこ,音霊魂子,人名
たまこ,音霊魂子,人名
あだしのみよ,化野みよ,人名
みよ,化野みよ,人名
かめんちゅーばーごう,仮面チューバー剛,人名
ごう,仮面チューバー剛,人名
もやし,仮面ライバーもやし,人名
がらんれい,伽藍怜,人名
れい,伽藍怜,人名
かがみはやと,加賀美ハヤト,人名
はやと,加賀美ハヤト,人名
なつみもえ,夏実萌恵,人名
もえ,夏実萌恵,人名
なついろまつり,夏色まつり,人名
まつり,夏色まつり,人名
なつかわみれい,夏川美玲,人名
みれい,夏川美玲,人名
しし,夏目シシ,人名
なつめしし,夏目シシ,人名
なつめはる,夏目ハル,人名
はる,夏目ハル,人名
いえながむぎ,家長むぎ,人名
むぎ,家長むぎ,人名
あずみ,歌衣アズミ,人名
うたいめいか,歌衣メイカ,人名
めいか,歌衣メイカ,人名
こうのみやこ,河野都,人名
みやこ,河野都,人名
あすか,火渡飛鳥,人名
ひわたりあすか,火渡飛鳥,人名
あお,花ヶ崎あお,人名
はながさきあお,花ヶ崎あお,人名
せれな,花園セレナ,人名
はなぞのせれな,花園セレナ,人名
かがすみれ,花芽すみれ,人名
すみれ,花芽すみれ,人名
かがなずな,花芽なずな,人名
なずな,花芽なずな,人名
いりや,花笠イリヤ,人名
はながさいりや,花笠イリヤ,人名
はなまるはれる,花丸はれる,人名
はれる,花丸はれる,人名
かきょういんちえり,花京院ちえり,人名
ちえり,花京院ちえり,人名
あやめ,花咲アヤメ,人名
はなさきあやめ,花咲アヤメ,人名
はなさきみやび,花咲みやび,人名
みやび,花咲みやび,人名
へるし,花守へるし,人名
かなでかのん,花奏かのん,人名
かのん,花奏かのん,人名
はなまちすみれ,花町すみれ,人名
ちゃいか,花畑チャイカ,人名
はなばたけちゃいか,花畑チャイカ,人名
なでしこ,花菱撫子,人名
はなびしなでしこ,花菱撫子,人名
かふ,花譜,人名
はなのみつ,花野蜜,人名
みつ,花野蜜,人名
すずめ,花鈴すずめ,人名
はなすずすずめ,花鈴すずめ,人名
ほあじゃお,花椒,人名
きょう,花鋏キョウ,人名
はなばさみきょう,花鋏キョウ,人名
かもがわどいる,賀茂川ドイル,人名
どいる,賀茂川ドイル,人名
まつり,雅まつり,人名
みやびまつり,雅まつり,人名
かいこうかげ,海溝かげ,人名
かげ,海溝かげ,人名
あすか,海堂飛鳥,人名
かいどうあすか,海堂飛鳥,人名
ばーちゃるじゃにーず,海堂飛鳥 苺谷星空,人名
うみやしゃのかみ,海夜叉神,人名
ぷるぷ,海野 ぷるぷ,人名
うみのぷるぷ,海野ぷるぷ,人名
けい,灰宮けい,人名
はいぐろろしか,灰黒ロシカ,人名
ろしか,灰黒ロシカ,人名
ななし,灰猫ななし,人名
ひいろ,皆守ひいろ,人名
みなもりひいろ,皆守ひいろ,人名
つのまきわため,角巻わため,人名
わため,角巻わため,人名
かくばりちぐさ,角張ちぐさ,人名
ちぐさ,角張ちぐさ,人名
くずは,葛葉,人名
かなえ,叶,人名
かもみ,鴨見カモミ,人名
かもみかもみ,鴨見カモミ,人名
いぬいしんいちろう,乾伸一郎,人名
しんいちろう,乾伸一郎,人名
かんぶつひもの,乾物ひもの,人名
ひもの,乾物ひもの,人名
そうすけ,巻宗介,人名
まきそうすけ,巻宗介,人名
まきのもなか,巻乃もなか,人名
もなか,巻乃もなか,人名
うこん,環右金,人名
たまきうこん,環右金,人名
さこん,環左金,人名
たまきさこん,環左金,人名
あまのやしゃ,甘麻埜夜沙,人名
やしゃ,甘麻埜夜沙,人名
あかね,丸山あかね,人名
まるやまあかね,丸山あかね,人名
いわいわ,岩永太貴,人名
いわなが,岩永太貴,人名
いわながたいき,岩永太貴,人名
いわてさちこ,岩手さちこ,人名
さちこ,岩手さちこ,人名
いのりゆう,祈吏ユウ,人名
ゆう,祈吏ユウ,人名
あんこ,季咲あんこ,人名
きさきあんこ,季咲あんこ,人名
きどるみな,輝度るみな,人名
るみな,輝度るみな,人名
かぐやるな,輝夜月,人名
るな,輝夜月,人名
よしななみ,吉七味。,人名
すずは,橘涼葉,人名
たちばなすずは,橘涼葉,人名
くどうちとせ,久遠千歳,人名
ちとせ,久遠千歳,人名
くおんらん,久遠藍,人名
らん,久遠藍,人名
くるみやなつき,久留宮夏樹,人名
なつき,久留宮夏樹,人名
うしまきりこ,牛巻りこ,人名
りこ,牛巻りこ,人名
きょうごくえみーりあさつき,京極エミーリア皐月,人名
さつき,京極エミーリア皐月,人名
かがみきら,鏡見キラ,人名
きら,鏡見キラ,人名
ひびきゆい,響ゆい,人名
ゆい,響ゆい,人名
おとやじゃっく,響屋じゃっく,人名
じゃっく,響屋じゃっく,人名
あお,響木アオ,人名
ひびきあお,響木アオ,人名
あかつきちあき,暁ちあき,人名
ちあき,暁ちあき,人名
あかつきくらら,暁月クララ,人名
くらら,暁月クララ,人名
きりゅうここ,桐生ココ,人名
ここ,桐生ココ,人名
にしきやまむたか,錦山夢鷹,人名
むたか,錦山夢鷹,人名
ことみゆり,琴みゆり,人名
みゆり,琴みゆり,人名
ことつきてと,琴月てと,人名
てと,琴月てと,人名
ことのはとわ,琴葉とわ,人名
とわ,琴葉とわ,人名
せりももめもり,芹桃めもり,人名
めもり,芹桃めもり,人名
いろは,金剛いろは,人名
こんごういろは,金剛いろは,人名
ごんごん,金剛いろは,人名
あひる,金田あひる,人名
かねだあひる,金田あひる,人名
しろがねめくる,銀めくる,人名
めくる,銀めくる,人名
ありす,銀河アリス,人名
ぎんがありす,銀河アリス,人名
ぎんこうさい,銀虹彩,人名
さい,銀虹彩,人名
ななし,銀猫ななし,人名
ここのえこのの,九重このの,人名
このの,九重このの,人名
あんず,九条杏子,人名
くじょうあんず,九条杏子,人名
くじょうりんご,九条林檎,人名
りんご,九条林檎,人名
くじょうなつめ,九条棗,人名
なつめ,九条棗,人名
くじょうらいち,九条茘枝,人名
らいち,九条茘枝,人名
いぬがみゆき,狗神由紀,人名
そらみひまり,空見ひまり,人名
ひまり,空見ひまり,人名
うそ,空蝉うそ,人名
うつせみうそ,空蝉うそ,人名
そらとよる,空兎ヨル,人名
よる,空兎ヨル,人名
くまがやたくま,熊谷タクマ,人名
たくま,熊谷タクマ,人名
くまのぽえみ,熊野ぽえみ,人名
ぽえみ,熊野ぽえみ,人名
くりはらさくらこ,栗原桜子,人名
さくらこ,栗原桜子,人名
くりやまやんみ,栗山やんみ,人名
やんみ,栗山やんみ,人名
あずき,栗山小豆,人名
くりやまあずき,栗山小豆,人名
くりすめーぷる,栗栖メープル,人名
めーぷる,栗栖メープル,人名
ぐんぐん,郡道美玲,人名
ぐんどうみれい,郡道美玲,人名
みれい,郡道美玲,人名
おさかべけい,刑部桂,人名
けい,刑部桂,人名
かたおちなかこ,型落おねーさん,人名
かたおちなかこ,型落中子,人名
なかこ,型落中子,人名
ここあ,結心愛,人名
むすびここあ,結心愛,人名
むすびめゆい,結目ユイ,人名
ゆい,結目ユイ,人名
つきのみと,月ノ美兎,人名
つきみと,月ノ美兎,人名
みと,月ノ美兎,人名
しずく,月宮雫,人名
つきみやしずく,月宮雫,人名
しずく,月見しずく,人名
つきみしずく,月見しずく,人名
そら,月夜ソラ,人名
つきよそら,月夜ソラ,人名
たまこ,月夜野珠狐,人名
つきよのたまこ,月夜野珠狐,人名
かな,健屋花那,人名
すこやかな,健屋花那,人名
けんもちとうや,剣持刀也,人名
とうや,剣持刀也,人名
いぬやまたまき,犬山たまき,人名
たまき,犬山たまき,人名
いぬかみはやと,犬上ハヤト,人名
はやと,犬上ハヤト,人名
けんのちええり,賢乃ちえり,人名
ちえり,賢乃ちえり,人名
かぎいゆい,鍵井結唯,人名
ゆい,鍵井結唯,人名
げんげん,源元気,人名
よみ,現よみ,人名
こもりちゆ,古守ちゆ,人名
ちゆ,古守ちゆ,人名
いぜ,弧森音イゼ,人名
こもりねいぜ,弧森音イゼ,人名
とごしぷらむ,戸越ぷらむ,人名
ぷらむ,戸越ぷらむ,人名
じゅん,戸田ジュン,人名
とだじゅん,戸田ジュン,人名
こましばり,胡間シバリ,人名
しばり,胡間シバリ,人名
こちょうゆめ,胡蝶由芽,人名
ゆめ,胡蝶由芽,人名
くるみのあ,胡桃のあ,人名
のあ,胡桃のあ,人名
あんな,虎城アンナ,人名
こじょうあんな,虎城アンナ,人名
ごごのめりも,午後乃めりも,人名
めりも,午後乃めりも,人名
みかげゆうと,御影幽斗,人名
ゆうと,御影幽斗,人名
えら,御伽原江良,人名
おとぎばらえら,御伽原江良,人名
ぎばら,御伽原江良,人名
おこめこのこ,御掬この子,人名
このこ,御掬この子,人名
くおん,御来屋久遠,人名
みくりやくおん,御来屋久遠,人名
かたりべつむぐ,語部紡,人名
つむぐ,語部紡,人名
こうさぎちろる,光兎ちろる,人名
ちろる,光兎ちろる,人名
かがや,光矢輝,人名
ひかりやかがや,光矢輝,人名
くもんよしか,公門ヨシカ,人名
よしか,公門ヨシカ,人名
あん,向日葵あん,人名
ひまわりあん,向日葵あん,人名
さとうみゅうみゅう,幸糖ミュウミュウ,人名
みゅうみゅう,幸糖ミュウミュウ,人名
ぽんぽこ,甲賀流忍者 ぽんぽこ,人名
すめらぎちより,皇ちより,人名
ちより,皇ちより,人名
おうがさき,皇牙サキ,人名
さき,皇牙サキ,人名
こうがみゆかり,皇噛ユカリ,人名
ゆかり,皇噛ユカリ,人名
るふな,紅ルフナ,人名
こうさかみあ,香坂美充,人名
みあ,香坂美充,人名
たかさごりょくや,高砂緑也,人名
りょくや,高砂緑也,人名
たかじょうまきな,高城魔紀奈,人名
まきな,高城魔紀奈,人名
しんじ,高生紳士,人名
たかおしんじ,高生紳士,人名
たかつきりつ,高槻りつ,人名
りつ,高槻りつ,人名
たかとゆうき,高斗ユウキ,人名
ゆうき,高斗ユウキ,人名
きょうこ,轟京子,人名
とどろきこようこ,轟京子,人名
くろのみい,黒ノみい,人名
みい,黒ノみい,人名
くろいしば,黒井しば,人名
しば,黒井しば,人名
ありあ,黒桐アリア,人名
くろきりありあ,黒桐アリア,人名
くろさきよつば,黒咲ヨツバ,人名
しずく,黒咲ヨツバ,人名
よつば,黒咲ヨツバ,人名
くろすもあ,黒須もあ,人名
もあ,黒須もあ,人名
くろせさばと,黒瀬サバト,人名
さばと,黒瀬サバト,人名
くろせみさ,黒瀬ミサ,人名
みさ,黒瀬ミサ,人名
くろとさと,黒兎さと,人名
さと,黒兎さと,人名
くろのはくと,黒乃ハクト,人名
はくと,黒乃ハクト,人名
くろのしおん,黒野時音,人名
しおん,黒野時音,人名
いまさきはな,今咲はな,人名
はな,今咲はな,人名
いまわまだせいが,今和間田せぃが,人名
せいが,今和間田せぃが,人名
こころ,根羽清ココロ,人名
ねばせいこころ,根羽清ココロ,人名
うい,根間うい,人名
ねまうい,根間うい,人名
いずみ,紺野和泉,人名
こんのいずみ,紺野和泉,人名
くま,佐倉くま,人名
さくらくま,佐倉くま,人名
さとうはに,佐藤はに,人名
はに,佐藤はに,人名
さとうほーむず,佐藤ホームズ,人名
ほーむず,佐藤ホームズ,人名
さとうれいか,佐藤麗華,人名
れいか,佐藤麗華,人名
さえきつばさ,佐伯翼,人名
もがみれん,最上レン,人名
れん,最上レン,人名
いろどりまよい,彩まよい,人名
まよい,彩まよい,人名
あやねれおん,彩音れおん,人名
れおん,彩音れおん,人名
あかね,彩咲茜,人名
いろさきあかね,彩咲茜,人名
いろどりもら,彩撮モラ,人名
もら,彩撮モラ,人名
さいとうにこる,斎藤ニコル,人名
にこる,斎藤ニコル,人名
なな,菜花なな,人名
なばななな,菜花なな,人名
さかしたきょうか,坂下京香,人名
さかきつねこ,榊つねこ,人名
つねこ,榊つねこ,人名
さくらもち,桜もち,人名
さくらばしおん,桜羽しおん,人名
しおん,桜羽しおん,人名
さくらづきかのん,桜月花音,人名
さくらぎみりあ,桜樹みりあ,人名
みりあ,桜樹みりあ,人名
さくらしんのすけ,桜真之介,人名
しんのすけ,桜真之介,人名
さくらのなの,桜乃ナノ,人名
なの,桜乃ナノ,人名
さくらむなな,桜夢なな,人名
なな,桜夢なな,人名
さくらりつき,桜凛月,人名
りつき,桜凛月,人名
んぼ,桜凛月,人名
あのね,桜溟あのね,人名
さくらいあのね,桜溟あのね,人名
さく,笹木咲,人名
ささきさく,笹木咲,人名
ぞうば,雑葉学美,人名
のなか,三崎のなか,人名
みさきのなか,三崎のなか,人名
あきな,三枝明那,人名
さえぐさあきな,三枝明那,人名
そにあ,三田そにあ,人名
みたそにあ,三田そにあ,人名
かるた,山神カルタ,人名
やまがみかるた,山神カルタ,人名
こたろう,山田虎太郎,人名
やまだこたろう,山田虎太郎,人名
さんとりのむ,燦鳥ノム,人名
のむ,燦鳥ノム,人名
まよい,四ツ辻まよい,人名
よつつじまよい,四ツ辻まよい,人名
あねざきゆきみ,姉崎ユキミ,人名
ゆきみ,姉崎ユキミ,人名
しき,屍鬼,人名
くりす,獅子王クリス,人名
ししおうくりす,獅子王クリス,人名
ししまるしずく,獅子丸しずく,人名
しずく,獅子丸しずく,人名
ししまるほむら,獅子丸ほむら,人名
ほむら,獅子丸ほむら,人名
ししがみれおな,獅子神レオナ,人名
れおな,獅子神レオナ,人名
しどうりお,獅堂リオ,人名
りお,獅堂リオ,人名
しりつぜんおちろうにんまる,私立全落ち浪人丸,人名
いとまきおり,糸巻おり,人名
おり,糸巻おり,人名
かみしろなつめ,紙代なつめ,人名
なつめ,紙代なつめ,人名
かみきぬ,紙木絹,人名
しおん,紫咲シオン,人名
むらさきしおん,紫咲シオン,人名
あのん,紫桃あのん,人名
しとうあのん,紫桃あのん,人名
りす,自己顕示欲が強いリス Vtuber,人名
ひまる,蒔田陽丸,人名
まきたひまる,蒔田陽丸,人名
かの,鹿乃,人名
しきぶめぐり,式部めぐり,人名
めぐり,式部めぐり,人名
しずくるる,雫るる,人名
ななみろま,七海ロナ,人名
ろな,七海ロナ,人名
ななみゆりか,七海有里佳,人名
ゆりか,七海有里佳,人名
すばる,七瀬すばる,人名
ななせすばる,七瀬すばる,人名
たく,七瀬タク,人名
ななせたく,七瀬タク,人名
ななせみひろ,七瀬海尋,人名
みひろ,七瀬海尋,人名
しちめんたき,七面タキ,人名
たき,七面タキ,人名
いぬきまとい,射貫まとい,人名
まとい,射貫まとい,人名
のえる,社居ノエル,人名
やしろいのえる,社居ノエル,人名
はる,社居ハル,人名
やしろいはる,社居ハル,人名
きずく,社築,人名
やしろきずく,社築,人名
さき,紗樹万咲,人名
まさきさき,紗樹万咲,人名
ぱてぴゅあ,守護っ天使パテピュア,人名
うた,珠根うた,人名
たまねうた,珠根うた,人名
さけのみみこ,酒呑みみこ,人名
みみこ,酒呑みみこ,人名
すおうぱとら,周防パトラ,人名
ぱとら,周防パトラ,人名
いちか,宗谷いちか,人名
そうやいちか,宗谷いちか,人名
みのりゆめこ,秋里夢女子,人名
ゆめこ,秋里夢女子,人名
もぐらいぶ,週刊MoguLive,人名
ぷらぐ,充輝ぷらぐ,人名
みちるぎぷらぐ,充輝ぷらぐ,人名
しぶやはじめ,渋谷ハジメ,人名
はじめ,渋谷ハジメ,人名
しぶやはる,渋谷ハル,人名
はる,渋谷ハル,人名
けものねろう,獣音ロウ,人名
ろう,獣音ロウ,人名
しゅくせいばつまる,粛正罰丸,人名
ばつまる,粛正罰丸,人名
いかすみ,出雲霞,人名
いずもかすみ,出雲霞,人名
かすみ,出雲霞,人名
はるさるひ,春猿火,人名
はるかみこと,春歌みこと,人名
みこと,春歌みこと,人名
えある,春崎エアル,人名
はるさきえある,春崎エアル,人名
かすかべつくし,春日部つくし,人名
つくし,春日部つくし,人名
うるはるしあ,潤羽るしあ,人名
るしあ,潤羽るしあ,人名
ちづる,初恋ちづる,人名
はつこいちづる,初恋ちづる,人名
こはないしい,小花衣しぃ,人名
しい,小花衣しぃ,人名
こぐまひなた,小熊ひなた,人名
ひなた,小熊ひなた,人名
こぐまづきのあ,小熊月のあ,人名
のあ,小熊月のあ,人名
いちか,小山内いちか,人名
おさないいちか,小山内いちか,人名
おさないめい,小山内めい,人名
めい,小山内めい,人名
こがらとと,小雀とと,人名
とと,小雀とと,人名
いずみ,小早川和泉,人名
こばやかわいずみ,小早川和泉,人名
こすもるる,小宙るる,人名
るる,小宙るる,人名
こうすけ,小鳥遊こうすけ,人名
たかなしこうすけ,小鳥遊こうすけ,人名
たかなしめとろ,小鳥遊めとろ,人名
めとろ,小鳥遊めとろ,人名
すい,小鳥遊酔,人名
たかなしすい,小鳥遊酔,人名
おたくだお,小田管男,人名
くだお,小田管男,人名
ことねみあ,小刀禰ミア,人名
みあ,小刀禰ミア,人名
こひがしひとな,小東ひとな,人名
ひとな,小東ひとな,人名
こひなたりゅーじ,小日向りゅーじ,人名
りゅーじ,小日向りゅーじ,人名
おのまちはるか,小野町春香,人名
はるか,小野町春香,人名
こばやしさちこ,小林幸子,人名
さちこ,小林幸子,人名
しゃおりん,小鈴,人名
おと,松戸おと,人名
まつどおと,松戸おと,人名
かみくろう,松村上久郎,人名
まつむらかみくろう,松村上久郎,人名
しらほしじょうゆう,城星譲友,人名
じょうゆう,城星譲友,人名
しらほしじょうゆう,城星譲友&VIC,人名
しろのゆずき,城乃柚希,人名
ゆずき,城乃柚希,人名
とこやみとわ,常闇トワ,人名
とわ,常闇トワ,人名
とこよもこ,常世モコ,人名
もこ,常世モコ,人名
かなめ,常磐カナメ,人名
ときわかなめ,常磐カナメ,人名
ときわひより,常葉ひより,人名
ひより,常葉ひより,人名
おだのぶひめ,織田信姫,人名
のぶひめ,織田信姫,人名
あやめ,色葉あやめ,人名
いろはあやめ,色葉あやめ,人名
しんかわりょう,新川良,人名
りょう,新川良,人名
みう,森永みう,人名
もりながみう,森永みう,人名
かざき,森中花咲,人名
もりなかかざき,森中花咲,人名
ふかみりゅい,深海リュイ,人名
りゅい,深海リュイ,人名
えま,真島えま,人名
まじまえま,真島えま,人名
しんどうらいと,真堂雷斗,人名
らいと,真堂雷斗,人名
かぐらすず,神楽すず,人名
すず,神楽すず,人名
かぐらめあ,神楽めあ,人名
めあ,神楽めあ,人名
かぐらみお,神楽美桜,人名
みお,神楽美桜,人名
かみなこはね,神菜コハネ,人名
こはね,神菜コハネ,人名
かみしろくれあ,神城くれあ,人名
くれあ,神城くれあ,人名
かみつばき,神椿,人名
かんつばき,神椿,人名
かんだ,神田笑一,人名
かんだしょういち,神田笑一,人名
しょういち,神田笑一,人名
かみのたね,神野たね,人名
たね,神野たね,人名
あおい,水科葵,人名
みずしなあおい,水科葵,人名
なつき,水菜月夏希,人名
みなつきなつき,水菜月夏希,人名
みなづきなつき,水菜月夏希,人名
しあ,水瀬しあ,人名
みなせしあ,水瀬しあ,人名
なお,水鳥ナヲ,人名
みどりなお,水鳥ナヲ,人名
みなそこみなみ,水底みなみ,人名
みなみ,水底みなみ,人名
じゆう,水凪自由,人名
みなぎじゆう,水凪自由,人名
みあ,水瓶ミア,人名
みずがめみあ,水瓶ミア,人名
あやり,水梨あやり,人名
みずなしあやり,水梨あやり,人名
くるみ,雛見沢くるみ,人名
ひなみざわくるみ,雛見沢くるみ,人名
さくら,雛瀬さくら,人名
ひなせさくら,雛瀬さくら,人名
ひなのきまや,雛乃木まや,人名
ひなのぎまや,雛乃木まや,人名
まや,雛乃木まや,人名
あさひ,瀬戸あさひ,人名
せとあさひ,瀬戸あさひ,人名
せとみやこ,瀬戸美夜子,人名
みやこ,瀬戸美夜子,人名
いおり,瀬兎一織,人名
せといおり,瀬兎一織,人名
かずや,瀬兎一也,人名
せとかずや,瀬兎一也,人名
なる,成瀬鳴,人名
なるせなる,成瀬鳴,人名
てふ,星河テフ,人名
ほしかわてふ,星河テフ,人名
すいせい,星街すいせい,人名
ほしまちすいせい,星街すいせい,人名
ひなか,星菜日向夏,人名
ほしなひなか,星菜日向夏,人名
ちあ,星咲ちあ,人名
ほしざきちあ,星咲ちあ,人名
さら,星川サラ,人名
ほしかわさら,星川サラ,人名
ほしかわめろり,星川めろり,人名
めろり,星川めろり,人名
ほしのめあ,星乃めあ,人名
めあ,星乃めあ,人名
かず,星乃歌カズ,人名
ほしのうたかず,星乃歌カズ,人名
ぐれいる,聖グレイル,人名
ひじりぐれいる,聖グレイル,人名
せいじょれりあ,聖女れりあ,人名
れりあ,聖女れりあ,人名
さいおんじすずか,西園寺すずか,人名
すずか,西園寺すずか,人名
さいおんじめあり,西園寺メアリ,人名
めあり,西園寺メアリ,人名
あおばまこと,青羽マコト,人名
まこと,青羽マコト,人名
あおみちあかと,青道アカト,人名
あかと,青道アカト,人名
しずかりん,静凛,人名
しずりん,静凛,人名
あかり,石狩あかり,人名
いしかりあかり,石狩あかり,人名
あかいはあと,赤井はあと,人名
はあと,赤井はあと,人名
あかばゆきの,赤羽ユキノ,人名
ゆきの,赤羽ユキノ,人名
あかばねようこ,赤羽葉子,人名
ようこ,赤羽葉子,人名
ゆに,赤月ゆに,人名
つばさ,雪原つばさ,人名
みかん,雪原みかん,人名
ゆきはらみかん,雪原みかん,人名
まひまひ,雪城眞尋,人名
まひろ,雪城眞尋,人名
ゆきしろまひろ,雪城眞尋,人名
せつな,雪汝,人名
ゆきひめりんご,雪姫りんご,人名
りんご,雪姫りんご,人名
くるみちゃん,絶対天使くるみちゃん,人名
くろの,千羽黒乃,人名
せんばくろの,千羽黒乃,人名
ちとせゆうり,千歳ゆうり,人名
ちぐさはな,千草はな,人名
はな,千草はな,人名
ちよけぷりり,千代家ぷりり,人名
ぷりり,千代家ぷりり,人名
ちばねずみ,千葉根津美,人名
ねずみ,千葉根津美,人名
ちすずめい,千鈴めい,人名
めい,千鈴めい,人名
あさいらむ,浅井ラム,人名
らむ,浅井ラム,人名
はな,前田花奈,人名
まえだはな,前田花奈,人名
そうりまい,双理マイ,人名
まい,双理マイ,人名
かなでみみ,奏MiMi,人名
みみ,奏MiMi,人名
いづる,奏手イヅル,人名
かなでいづる,奏手イヅル,人名
まひろ,奏天まひろ,人名
まりなす,奏天まひろ 燈舞りん 音葉なほ 鈴鳴すばる,人名
なこ,奏波なこ,人名
せわ,早稲田せわ,人名
わせだせわ,早稲田せわ,人名
さおとめしのび,早乙女しのび,人名
そう,早瀬走,人名
はやせそう,早瀬走,人名
あいばういは,相羽ういは,人名
ういは,相羽ういは,人名
あいちとうか,相地桃和,人名
とうか,相地桃和,人名
そうねたや,蒼音タヤ,人名
たや,蒼音タヤ,人名
えり,蒼月エリ,人名
そうげつえり,蒼月エリ,人名
あおのゆうき,蒼乃ゆうき,人名
ゆうき,蒼乃ゆうき,人名
かいり,多々星カイリ,人名
ただせかいり,多々星カイリ,人名
しえる,多々星シエル,人名
ただせしえる,多々星シエル,人名
かい,黛灰,人名
まゆずみかい,黛灰,人名
たいがゆう,大河ユウ,人名
ゆう,大河ユウ,人名
おおぞらすばる,大空スバル,人名
すばる,大空スバル,人名
うるし,大上ウルシ,人名
おおかみうるし,大上ウルシ,人名
おおかみみお,大神ミオ,人名
みお,大神ミオ,人名
おおとりすみれ,大鳥スミレ,人名
すみれ,大鳥スミレ,人名
いつき,大鳥一姫,人名
おおとりいつき,大鳥一姫,人名
ばちゃかり,大鳥一姫、前田花奈、風見舞子,人名
える,大蔦エル,人名
おおつたえる,大蔦エル,人名
うる,大狼うる,人名
おおかみうる,大狼うる,人名
たかみやりおん,鷹宮リオン,人名
りおん,鷹宮リオン,人名
たきがわみう,滝川みう,人名
みう,滝川みう,人名
たきがみりと,瀧上りと,人名
りと,瀧上りと,人名
たにだとうか,谷田透佳,人名
とうか,谷田透佳,人名
まーぷる,谷田透佳 立花鈴,人名
にわこ,丹羽にわこ,人名
にわにわこ,丹羽にわこ,人名
ありあ,嘆きのアリア,人名
なげきのありあ,嘆きのアリア,人名
たけはなのーと,竹花ノート,人名
のーと,竹花ノート,人名
かるた,竹取かるた,人名
たけとりかるた,竹取かるた,人名
さごしきよか,茶越きよか,人名
ずい,中部ずい,人名
なかべずい,中部ずい,人名
なかみねりりぃ,中峯リリィ,人名
りりぃ,中峯リリィ,人名
たろう,懲役太郎,人名
ちょうえきたろう,懲役太郎,人名
あかね,朝ノ茜,人名
あさのあかね,朝ノ茜,人名
あさのひかり,朝ノ光,人名
ひかり,朝ノ光,人名
あさのるり,朝ノ瑠璃,人名
るり,朝ノ瑠璃,人名
しお,朝霞しお,人名
あさみやゆり,朝宮ゆり,人名
ゆり,朝宮ゆり,人名
あさくらひなた,朝倉日向,人名
ひなた,朝倉日向,人名
あさなぎせいら,朝凪せいら,人名
せいら,朝凪せいら,人名
あさひなゆう,朝日奈侑,人名
ゆう,朝日奈侑,人名
あさひなうた,朝比奈うた,人名
うた,朝比奈うた,人名
あお,朝比奈蒼,人名
あさひなあお,朝比奈蒼,人名
あさひなみや,朝比奈美夜,人名
みや,朝比奈美夜,人名
ちま,町田ちま,人名
まちだちま,町田ちま,人名
さるく,長崎さるく,人名
ながさきさるく,長崎さるく,人名
はせみこと,長谷みこと,人名
みこと,長谷みこと,人名
つがるりんこ,津軽りんこ,人名
りんこ,津軽りんこ,人名
しいなゆいか,椎名唯華,人名
ゆいか,椎名唯華,人名
あきら,椎葉アキラ,人名
しいばあきら,椎葉アキラ,人名
つづりめひがさ,綴目日傘,人名
ひがさ,綴目日傘,人名
つばきめい,椿木めい,人名
めい,椿木めい,人名
すず,鶴月姫,人名
つるづきひめ,鶴月姫,人名
つゆ,鶴来つゆ,人名
あまのがわりさ,天ノ川リサ,人名
りさ,天ノ川リサ,人名
あまはねよつは,天羽よつは,人名
よつは,天羽よつは,人名
あまねかなた,天音かなた,人名
かなた,天音かなた,人名
あまねまほ,天音マホ,人名
まほ,天音マホ,人名
つかさ,天開司,人名
てんかいつかさ,天開司,人名
あまきおこめ,天輝おこめ,人名
おこめ,天輝おこめ,人名
あまみやこころ,天宮こころ,人名
こころ,天宮こころ,人名
あまつかりりえる,天使リリエル,人名
りりえる,天使リリエル,人名
あいせ,天使愛聖,人名
あまつかあいせ,天使愛聖,人名
てんしちゃん,天死ちゃん,人名
ことね,天神子兎音,人名
てんじんことね,天神子兎音,人名
あまかわあると,天川アルト,人名
あると,天川アルト,人名
あまかわはの,天川はの,人名
はの,天川はの,人名
もやし,天道もやし,人名
てんびんはかり,天秤はかり,人名
はかり,天秤はかり,人名
てんままりな,天魔マリナ,人名
まりな,天魔マリナ,人名
てんまきにん,天魔機忍,人名
てんなるーしぃ,天和ルーシィ,人名
るーしぃ,天和ルーシィ,人名
あまいひよ,天曰ひよ,人名
ひよ,天曰ひよ,人名
てんらんみい,天爛みぃ,人名
みい,天爛みぃ,人名
てんしょういんひいな,天翔院ひいな,人名
ひいな,天翔院ひいな,人名
たなかひめ,田中ヒメ,人名
ひめ,田中ヒメ,人名
ひめひな,田中ヒメ 鈴木ヒナ,人名
たなかよしお,田中好男,人名
よしお,田中好男,人名
しろ,電脳少女シロ,人名
いちか,電脳塵イチカ,人名
とかげめう,兎影めう,人名
めう,兎影めう,人名
とまりまり,兎鞠まり,人名
まり,兎鞠まり,人名
うさだぺこら,兎田ぺこら,人名
ぺこら,兎田ぺこら,人名
きせき,斗和キセキ,人名
とわきせき,斗和キセキ,人名
しまむらしゃるろっと,島村シャルロット,人名
しゃるろっと,島村シャルロット,人名
しののめしずく,東雲しずく,人名
しののめめぐ,東雲めぐ,人名
めぐ,東雲めぐ,人名
しののめやまと,東雲大和,人名
やまと,東雲大和,人名
ねくと,桃丸ねくと,人名
ももまるねくと,桃丸ねくと,人名
まなか,桃星愛花,人名
ももほしまなか,桃星愛花,人名
とうかみり,燈火ミリ,人名
えま,燈田エマ,人名
とうまりん,燈舞りん,人名
りん,燈舞りん,人名
さくら,藤間桜,人名
ふじまさくら,藤間桜,人名
ことは,藤宮コトハ,人名
ふじみやことは,藤宮コトハ,人名
ふじみやゆの,藤宮悠乃,人名
ゆの,藤宮悠乃,人名
ふじさきゆあ,藤崎由愛,人名
ゆあ,藤崎由愛,人名
とうどうるい,藤堂るい,人名
るい,藤堂るい,人名
ふぃお,動く城のフィオ,人名
がぶ,童田明治,人名
めいじ,童田明治,人名
わらべだめいじー,童田明治,人名
ここあ,道明寺ここあ,人名
どうみょうじここあ,道明寺ここあ,人名
どうみょうじはると,道明寺晴翔,人名
はるかす,道明寺晴翔,人名
はると,道明寺晴翔,人名
うか,届木ウカ,人名
とどきうか,届木ウカ,人名
なにぬねね,奈日抽ねね,人名
ねね,奈日抽ねね,人名
ささき,内務省エージェントプログラム佐々木,人名
てい,南テイ,人名
みなみてい,南てい,人名
なんようゆうき,南陽結城,人名
ゆうき,南陽結城,人名
そうご,二寺蒼五,人名
にてらそうご,二寺蒼五,人名
あんこ,二和餅あんこ,人名
にくへん,肉片ちゃん,人名
にじかわらき,虹河ラキ,人名
らき,虹河ラキ,人名
にじのまほろ,虹乃まほろ,人名
まほろ,虹乃まほろ,人名
ひのくまらん,日ノ隈らん,人名
らん,日ノ隈らん,人名
あんず,日ノ森あんず,人名
ひのもりあんず,日ノ森あんず,人名
ひやといれいこ,日雇礼子,人名
れいこ,日雇礼子,人名
なお,日向奈央,人名
ひなたなお,日向奈央,人名
きさらぎこより,如月こより,人名
こより,如月こより,人名
はる,如月はる,人名
ねむねむる,寧夢ねむる,人名
ねむる,寧夢ねむる,人名
あらん,猫ノ目アラン,人名
ねこのめあらん,猫ノ目アラン,人名
ねこみやひなた,猫宮ひなた,人名
ひなた,猫宮ひなた,人名
ねこづきみお,猫月みお,人名
みお,猫月みお,人名
ねこのぎもち,猫乃木もち,人名
もち,猫乃木もち,人名
おかゆ,猫又おかゆ,人名
ねこまたおかゆ,猫又おかゆ,人名
けいと,猫又佳斗,人名
ねこまたけいと,猫又佳斗,人名
ねこのぎべる,猫芒ベル,人名
べる,猫芒ベル,人名
えみ,覇優雅エミ,人名
はゆがくえみ,覇優雅エミ,人名
はらのおに,波羅ノ鬼,人名
うまこしけんたろう,馬越健太郎,人名
けんたろう,馬越健太郎,人名
ｂｋｎ,馬犬,人名
ばけん,馬犬,人名
でぃあな,博多姫ディアナ,人名
かしわいみゃ,柏衣みゃ,人名
みゃ,柏衣みゃ,人名
しろかでんはくしゃく,白花伝伯爵,人名
はくしゃく,白花伝伯爵,人名
しろみやみみ,白宮みみ,人名
みみ,白宮みみ,人名
しろがねのえる,白銀ノエル,人名
のえる,白銀ノエル,人名
しろくますず,白熊すず,人名
はくらみこの,白桜みこの,人名
みこの,白桜みこの,人名
しらかねひより,白鐘ヒヨリ,人名
ひより,白鐘ヒヨリ,人名
しらかみふぶき,白上フブキ,人名
ふぶき,白上フブキ,人名
しらきれいあ,白城レイア,人名
れいあ,白城レイア,人名
くま,白真くま,人名
しろまくま,白真くま,人名
しらゆきみしろ,白雪みしろ,人名
みしろ,白雪みしろ,人名
しらゆきれいど,白雪レイド,人名
れいど,白雪レイド,人名
しらゆきてっぺい,白雪徹平,人名
てっぺい,白雪徹平,人名
しらゆきともえ,白雪巴,人名
ともえ,白雪巴,人名
しらふじたまき,白藤環,人名
たまき,白藤環,人名
くろみ,白乃クロミ,人名
しろのくろみ,白乃クロミ,人名
しらゆりりりぃ,白百合リリィ,人名
りりぃ,白百合リリィ,人名
ちゃろ,幡多乃ちゃろ,人名
はたのちゃろ,幡多乃ちゃろ,人名
なとり,八重沢なとり,人名
やえざわなとり,八重沢なとり,人名
つぐ,鳩羽つぐ,人名
はとばつぐ,鳩羽つぐ,人名
いいだもえぎ,飯田もえぎ,人名
もえぎ,飯田もえぎ,人名
すもも,緋色すもも,人名
ひいろすもも,緋色すもも,人名
せな,緋彗せな,人名
ひすいせな,緋彗せな,人名
あけさと,緋惺,人名
あすかひな,飛鳥ひな,人名
ひな,飛鳥ひな,人名
かえで,樋口楓,人名
でろ,樋口楓,人名
でろーん,樋口楓,人名
かいじ,微糖カイジ,人名
びとうかいじ,微糖カイジ,人名
みかげるくす,美影ルクス,人名
るくす,美影ルクス,人名
ななみ,美波七海,人名
みなみななみ,美波七海,人名
ひいらぎまなと,柊マナト,人名
まなと,柊マナト,人名
あやか,柊彩香,人名
ひいらぎあやか,柊彩香,人名
しゅうな,柊那,人名
ひいらぎりょう,柊椋,人名
りょう,柊椋,人名
しき,筆染四季,人名
ふでそめしき,筆染四季,人名
えにし,姫ノえにし,人名
ひめのえにし,姫ノえにし,人名
くるみ,姫宮くるみ,人名
ひめみやくるみ,姫宮くるみ,人名
ひめくまりぼん,姫熊りぼん,人名
りぼん,姫熊りぼん,人名
ひめさきゆずる,姫咲ゆずる,人名
ゆずる,姫咲ゆずる,人名
ひめもりるーな,姫森ルーナ,人名
るーな,姫森ルーナ,人名
ひめかわせりな,姫川セリナ,人名
ひめかわゆあ,姫川夢愛,人名
ゆあ,姫川夢愛,人名
あいり,姫乃愛琳,人名
ひめのあいり,姫乃愛琳,人名
ひめのゆうこ,姫野裕子,人名
ゆうこ,姫野裕子,人名
あやめ,百鬼あやめ,人名
なきりあやめ,百鬼あやめ,人名
だん,百鬼暖,人名
なきりだん,百鬼暖,人名
ゆりくさりおん,百合草莉音,人名
こころ,病井こころ,人名
やまいこころ,病井こころ,人名
しらぬいふれあ,不知火フレア,人名
ふれあ,不知火フレア,人名
ふわみなと,不破湊,人名
みなと,不破湊,人名
あおい,富士葵,人名
ふじあおい,富士葵,人名
けいすけ,舞元啓介,人名
まいもとけいすけ,舞元啓介,人名
まいづるよかと,舞鶴よかと,人名
よかと,舞鶴よかと,人名
あきやまれんたろう,楓山蓮太郎,人名
れんたろう,楓山蓮太郎,人名
ふうかりん,風花りん,人名
りん,風花りん,人名
かざみやまつり,風宮まつり,人名
まつり,風宮まつり,人名
かざみくく,風見くく,人名
くく,風見くく,人名
かざみまこ,風見舞子,人名
まこ,風見舞子,人名
かざみゆいか,風見唯花,人名
ゆいか,風見唯花,人名
かざみりょう,風見涼,人名
りょう,風見涼,人名
がく,伏見ガク,人名
ふしみがく,伏見ガク,人名
ありす,物述有栖,人名
もののべありす,物述有栖,人名
たまき,文野環,人名
ふみのたまき,文野環,人名
こめだらん,米田らん*,人名
よねとまい,米兎まい,人名
あおせすきあ,碧惺スキア,人名
すきあ,碧惺スキア,人名
ほさきめんま,保崎メンマ,人名
めんま,保崎メンマ,人名
ほうしょうまりん,宝鐘マリン,人名
まりん,宝鐘マリン,人名
うたかためもり,泡沫メモリ,人名
めもり,泡沫メモリ,人名
てんてん,鳳玲天々,人名
ほうれいてんてん,鳳玲天々,人名
もちづきゆうき,望月ユウキ,人名
ゆうき,望月ユウキ,人名
おかしのらむ,冒志乃らむ,人名
らむ,冒志乃らむ,人名
つむぎねれい,紡音れい,人名
れい,紡音れい,人名
つむぎにあ,紡絆にあ,人名
にあ,紡絆にあ,人名
さみだれみく,北極冰河,人名
みく,北極冰河,人名
きたがみふたば,北上双葉,人名
ふたば,北上双葉,人名
えれが,北条院エレガ,人名
ほくじょういんえれが,北条院エレガ,人名
はじめりーぜ,本リーゼ,人名
りーぜ,本リーゼ,人名
ひまわり,本間ひまわり,人名
ほんまひまわり,本間ひまわり,人名
まおうのむすこわんわん,魔王の息子わんわん,人名
わんわん,魔王の息子わんわん,人名
はんぱなさす,魔王ハンパナサス,人名
まおうはんぱなさす,魔王ハンパナサス,人名
へるねす,魔王ヘルネス,人名
まおうへるねす,魔王ヘルネス,人名
ださお,魔界四天王第三の男 ださお,人名
べる,魔宮ベル,人名
まみやべる,魔宮ベル,人名
まお,魔使マオ,人名
まつかいまお,魔使マオ,人名
さきゅ,魔宵さきゅ,人名
まよいさきゅ,魔宵さきゅ,人名
あさいねむり,麻井ねむり,人名
ねむり,麻井ねむり,人名
あさみやあてな,麻宮アテナ,人名
あてな,麻宮アテナ,人名
あさくらゆい,麻倉由衣,人名
ゆい,麻倉由衣,人名
えね,万楽えね,人名
まぐらえね,万楽えね,人名
あくあ,湊あくあ,人名
みなとあくあ,湊あくあ,人名
みなとみなみ,湊音みなみ,人名
みなみ,湊音みなみ,人名
ねむかわゆめな,眠河ゆめな,人名
ゆめな,眠河ゆめな,人名
ねむいふらり,眠居ふわり,人名
ふわり,眠居ふわり,人名
ねむいりいこ,眠居りぃこ,人名
りいこ,眠居りぃこ,人名
ねむみねる,眠未ねる,人名
ねる,眠未ねる,人名
ある,夢喰或,人名
ゆめくいある,夢喰或,人名
ゆずきろあ,夢月ロア,人名
ろあ,夢月ロア,人名
ゆめみろぐ,夢見ログ,人名
ろぐ,夢見ログ,人名
かなう,夢見叶,人名
ゆまみかなう,夢見叶,人名
ねる,夢星ねる,人名
ゆめほしねる,夢星ねる,人名
かなう,夢川かなう,人名
ゆめかわかなう,夢川かなう,人名
かける,夢追翔,人名
ゆめおいかける,夢追翔,人名
めいか,夢乃名菓,人名
ゆめのめいか,夢乃名菓,人名
ぺろり,夢魔ぺろり,人名
むまぺろり,夢魔ぺろり,人名
いつき,無憂樹,人名
むういつき,無憂樹,人名
めいかるか,冥歌ルカ,人名
るか,冥歌ルカ,人名
あずま,名伽尾アズマ,人名
なかおあずま,名伽尾アズマ,人名
さな,名取さな,人名
なとりさな,名取さな,人名
あかしらここ,明石ラココ,人名
らここ,明石ラココ,人名
さばき,鳴神裁,人名
なるかみさばき,鳴神裁,人名
けぬき,毛抜き先生,人名
けぬきせんせい,毛抜き先生,人名
あずき,木曽あずき,人名
きそあずき,木曽あずき,人名
しぶき,木嶋紫吹,人名
きもやまげろお,木茂山下呂男,人名
げろお,木茂山下呂男,人名
ひまり,餅月ひまり,人名
もちづきひまり,餅月ひまり,人名
める,夜空メル,人名
よぞらめる,夜空メル,人名
かえで,夜月カエデ,人名
やづきかえで,夜月カエデ,人名
よづきかえで,夜月カエデ,人名
よるみれな,夜見れな,人名
れな,夜見れな,人名
たま,夜桜たま,人名
よざくらたま,夜桜たま,人名
のあ,夜桜のあ,人名
よざくらのあ,夜桜のあ,人名
みあ,夜桜みあ,人名
よざくらみあ,夜桜みあ,人名
まい,夜桜舞,人名
よざくらまい,夜桜舞,人名
よるこ,夜子・バーバンク,人名
よるこばーばんく,夜子・バーバンク,人名
ねおん,夜乃ネオン,人名
よるのねおん,夜乃ネオン,人名
よみちゃん,夜昧ちゃん!,人名
めい,夜霧メイ,人名
よぎりめい,夜霧メイ,人名
とばり,夜野とばり,人名
よるのとばり,夜野とばり,人名
ののの,野々宮ののの,人名
ののみやののの,野々宮ののの,人名
やぐるまりね,矢車りね,人名
りね,矢車りね,人名
まりく,矢部まりく,人名
やべまりく,矢部まりく,人名
ちょこ,癒月ちょこ,人名
ゆずきちょこ,癒月ちょこ,人名
ゆいがこはく,唯牙コハク,人名
ちひろ,勇気ちひろ,人名
ゆうきちひろ,勇気ちひろ,人名
ことね,勇者ことね,人名
ゆうしゃことね,勇者ことね,人名
ますぴー,勇者マスピー,人名
えれな,勇凪エレナ,人名
ゆうなぎえれな,勇凪エレナ,人名
かくりよつむぐ,幽世つむぐ,人名
つむぐ,幽世つむぐ,人名
あげばいず,有花羽iZ,人名
いず,有花羽iZ,人名
ありすしびる,有澄シビル,人名
しびる,有澄シビル,人名
ありすまな,有栖マナ,人名
まな,有栖マナ,人名
ありすがわれいか,有栖川レイカ,人名
れいか,有栖川レイカ,人名
ゆず,柚月ゆず,人名
ゆずきゆず,柚月ゆず,人名
いずみ,柚原いづみ,人名
いづみ,柚原いづみ,人名
ゆのはらいずみ,柚原いづみ,人名
ゆのはらいづみ,柚原いづみ,人名
ゆずは,柚子花,人名
ゆずきりん,柚木凛,人名
りん,柚木凛,人名
ゆうぎり,由宇霧,人名
あや,由縁アヤ,人名
みな,由縁ミナ,人名
ゆえんみな,由縁ミナ,人名
もに,由持もに,人名
よしもちもに,由持もに,人名
ゆうやみるきあ,夕闇ルキア,人名
るきあ,夕闇ルキア,人名
さよ,夕闇小夜,人名
ゆうやみさよ,夕闇小夜,人名
あか,夕悠夜 赤,人名
ゆうゆうやあか,夕悠夜 赤,人名
ゆうひりり,夕陽リリ,人名
りり,夕陽リリ,人名
ゆい,幼龍埜ゆい,人名
ようりゅうのゆい,幼龍埜ゆい,人名
しいぷ,羊乃しいぷ,人名
ひつじのしいぷ,羊乃しいぷ,人名
めめ,羊娘めめ,人名
こう,葉隠コウ,人名
はがくれこう,葉隠コウ,人名
はかせふゆき,葉加瀬冬雪,人名
ふゆき,葉加瀬冬雪,人名
なつ,葉月ナツ,人名
はづきなつ,葉月ナツ,人名
はやまみど,葉山みど,人名
みど,葉山みど,人名
はやままりん,葉山舞鈴,人名
まりん,葉山舞鈴,人名
そら,遥そら,人名
はるかそら,遥そら,人名
こまめ,陽与こまめ,人名
ひよこまめ,陽与こまめ,人名
くるすみんと,来栖ミント,人名
みんと,来栖ミント,人名
くるすなつめ,来栖夏芽,人名
なつめ,来栖夏芽,人名
あんたれす,雷輝アンタレス,人名
らいきあんたれす,雷輝アンタレス,人名
あいはらやちよ,藍原八千夜,人名
やちよ,藍原八千夜,人名
あおとらび,藍兎らび,人名
らび,藍兎らび,人名
あいのるか,藍乃琉架,人名
るか,藍乃琉架,人名
あいばぺご,藍泊ぺご,人名
やや,李稍,人名
りめ,理芽,人名
ことはらひなり,理原ひなり,人名
ひなり,理原ひなり,人名
りる,璃露,人名
りくえんえい,陸婉瑩,人名
りっか,律可,人名
りつか,律可,人名
たちばなりん,立花鈴,人名
りん,立花鈴,人名
たちかわあやか,立川絢香,人名
さすがのるき,流石乃ルキ,人名
るき,流石乃ルキ,人名
るきろき,流石乃ルキ 流石乃ロキ,人名
さすがのろき,流石乃ロキ,人名
ろき,流石乃ロキ,人名
あいる,竜星アイル,人名
りゅうせいあいる,竜星アイル,人名
みこと,竜胆尊,人名
りんどうみこと,竜胆尊,人名
りゅうがさきりん,龍ヶ崎リン,人名
りん,龍ヶ崎リン,人名
りゅーしぇん,緑仙,人名
すずはらるる,鈴原るる,人名
るる,鈴原るる,人名
うたこ,鈴鹿詩子,人名
すずかうたこ,鈴鹿詩子,人名
ここね,鈴代ここね,人名
ここつき,鈴代ここね 鈴代つきね,人名
つきね,鈴代つきね,人名
あき,鈴谷アキ,人名
すずやあき,鈴谷アキ,人名
すずなすばる,鈴鳴すばる,人名
すばる,鈴鳴すばる,人名
あんず,鈴木あんず,人名
すずきあんず,鈴木あんず,人名
えのぐ,鈴木あんず 白藤環 夏目ハル 日向奈央 栗原桜子,人名
すずきひな,鈴木ヒナ,人名
ひな,鈴木ヒナ,人名
すずきまさる,鈴木勝,人名
まさる,鈴木勝,人名
れいでんちあき,霊電チアキ,人名
べる,牢屋敷ベル,人名
ろうやしきべる,牢屋敷ベル,人名
かみやろあ,狼谷ロア,人名
ろあ,狼谷ロア,人名
むつはみか,六葉ミカ,人名
ほのかよみ,仄架よみ,人名
よみ,仄架よみ,人名
めると,來夢めると,人名
らいむめると,來夢めると,人名
こだまなお,兒玉菜生,人名
なお,兒玉菜生,人名
りんよう,凛葉,人名
はやしまふゆ,囃市まふゆ,人名
まふゆ,囃市まふゆ,人名
ようれいらん,姚玲蘭,人名
れいらん,姚玲蘭,人名
しかいゆえ,尸解 ユヱ,人名
ゆえ,尸解 ユヱ,人名
いにゅい,戌亥とこ,人名
いぬいとこ,戌亥とこ,人名
とこ,戌亥とこ,人名
いぬがみころね,戌神ころね,人名
ころね,戌神ころね,人名
くちなしすい,梔子スイ,人名
すい,梔子スイ,人名
おうかみこ,櫻歌ミコ,人名
みこ,櫻歌ミコ,人名
うた,綺羅星ウタ,人名
きらぼしうた,綺羅星ウタ,人名
いちごやかなた,苺谷星空,人名
かなた,苺谷星空,人名
まつりか,茉莉花,人名
うわばみみき,蟒蛇ミキ,人名
みき,蟒蛇ミキ,人名
ばるす,Balus,短縮よみ
れあ,REALITY,短縮よみ
れあｒ,REALITY,短縮よみ
ううむ,UUUM,短縮よみ
ｖｍ,VEEMusic,短縮よみ
ｖｔ,VTuber,短縮よみ
ｗｆぇ,WFLE,短縮よみ
ｗｆぇ,Wright Flyer Live Entertainment,短縮よみ
ｙｔ,YouTube,短縮よみ
じざい,ZIZAI,短縮よみ
てて,てぇてぇ,短縮よみ
ななし,黒猫ななし,短縮よみ
どっとらいぶ,.LIVE,名詞
あにぷれ,ANIPLEX,名詞
えんたむ,ENTUM,名詞
はにーすとらっぷ,Honeystrap,名詞
ぴくしぶ,pixiv,名詞
りありてぃ,REALITY,名詞
あんりみ,Unlimited,名詞
あっぷでーと,upd8,名詞
ヴぇえｍ,VEEMusic,名詞
ヴぇえみゅーじっく,VEEMusic,名詞
ヴぇーみゅーじっく,VEEMusic,名詞
ようつべ,YouTube,名詞
げーむぶ,ゲーム部,名詞
げーむぶ,ゲーム部プロジェクト,名詞
はにすと,ハニーストラップ,名詞
ばびにく,バ美肉,名詞
あさのしまい,朝ノ姉妹,名詞
ばくぎおう,博戯王,名詞
はにすと,夜の喫茶店ハニーストラップ,名詞
はにーすとらっぷ,夜の喫茶店ハニーストラップ,名詞
あにまーれ,有閑喫茶あにまーれ,名詞
ゆうかんきっさあにまーれ,有閑喫茶あにまーれ,名詞
